product_id,category,product_name,unit,retail,wholesale
b9c232bb-4e3c-4dd9-8f61-2f04cb4a5235,Essential Oil Blends,Calmer,10 mL,25.33,19
789da76b-5743-4ee3-9050-b37e1e8c4705,Essential Oil Blends,dōTERRA Cheer®,5 mL,33.33,25
ecfe7c87-b829-44b3-be96-e7d54a20c575,Essential Oil Blends,dōTERRA Cheer® Touch,10 mL,21.67,16.25
b6015d81-66af-4680-bf2c-103886e4f601,Essential Oil Blends,Citrus Bliss®,15 mL,24,18
2fe98483-b492-42e1-a125-06957e017622,Essential Oil Singles,Clove,15 mL,21.33,16
dc0aca62-b9be-4afd-ae50-8e0eefb08e6d,Essential Oil Singles,Copaiba,15 mL,46.67,35
31b3ad73-0e81-4056-8e6a-4f2bd7d0f957,Essential Oil Singles,Copaiba Softgels,60 Sgls,42.67,32
8da8b945-2871-4148-8a72-f0b27358bfb0,Essential Oil Singles,Coriander,15 mL,33.33,25
8911bce4-6fc7-4216-9ad8-20a5e8d26346,Essential Oil Singles,Cypress,15 mL,20.67,15.5
0d5510ee-2589-4c36-a2a2-5c08e07b8465,Essential Oil Singles,Douglas Fir,5 mL,30,22.5
c0f6aed5-cf30-4cd4-aa8b-118d53de418a,Essential Oil Singles,Eucalyptus Radiata,15 mL,22.67,17
aa18a1fe-7aff-4e42-848d-3043664b8888,Essential Oil Singles,Fennel (Sweet),15 mL,20,15
222f8037-ef9b-4deb-8061-d7f161aaa34e,Essential Oil Singles,dōTERRA Frankincense Touch,10 mL,60.67,45.5
27014a46-d249-415b-aee5-bfc5920a4f3a,Essential Oil Singles,Frankincense,15 mL,90.67,68
4f25ee49-b7ba-4cf7-8027-fe48ae6884ea,Essential Oil Singles,Lime,15 mL,17.33,13
adb7d780-2a08-48b0-985c-d40efe39806f,Essential Oil Singles,Magnolia Touch,10 mL,37.33,28
62c4b5d7-b691-4854-a2a7-d50807ac81e4,Essential Oil Singles,Marjoram,15 mL,25.33,19
aa2f1185-e616-4926-a3ca-fbc479752a60,Essential Oil Singles,dōTERRA Melaleuca Touch,10 mL,16.67,12.5
e5eb3382-5e77-4e61-a437-0ef53e28b1fc,Essential Oil Singles,Melaleuca,15 mL,28,21
f8fd9ac1-ac9a-404c-8f76-2ee25ac27aba,Essential Oil Singles,Melissa,5 mL,153.33,115
d4e963b0-c9d1-4a9f-bdfc-aafa88e002ce,Essential Oil Singles,Myrrh,15 mL,78.67,59
d2215784-80e3-46cb-b0f8-f039c7ae6d29,Essential Oil Singles,dōTERRA Neroli Touch,10 mL,62.67,47
ed617cc3-2fa2-4fd1-8f5e-3512f5f63370,Essential Oil Singles,dōTERRA Oregano Touch,10 mL,19.33,14.5
c8190846-1565-466b-975f-56e03d8da236,Essential Oil Singles,Oregano,15 mL,29.33,22
5c1f4f87-04b9-42c1-8b6c-9d779e3fffb7,Essential Oil Singles,Patchouli,15 mL,37.33,28
629562e0-aa70-47c2-abb8-9f8903689666,Essential Oil Singles,dōTERRA Peppermint Touch,10 mL,19.33,14.5
a80137a1-875f-4bde-9b55-2590071e6cfb,Essential Oil Singles,Peppermint,15 mL,29.33,22
08034316-5a28-455d-9ddc-f893eed9fcc9,Essential Oil Singles,Peppermint Beadlet,125 Blts,16.67,12.5
c27dd254-3323-4a95-8675-11a858a818ae,Essential Oil Singles,Petitgrain,15 mL,33.33,25
18df11bc-0458-4c57-b818-dd846ac1f6f5,Essential Oil Singles,Pink Pepper,5 mL,29.33,22
351b24e8-7fec-4000-af92-74c7c4a2ee7e,Essential Oil Singles,Roman Chamomile,5 mL,60,45
a2a80ee1-569d-4922-a16b-3e090b132e34,Essential Oil Singles,dōTERRA Rose Touch,10 mL,93.33,70
b02055d3-70fa-4673-90e6-de7f2d3cb0d8,Essential Oil Singles,Rosemary,15 mL,21.33,16
89da6b50-9568-467f-84fc-10b0cb4aeb70,Essential Oil Singles,Sandalwood,5 mL,93.33,70
d975b97c-194a-4f79-ad0b-916ce9a897af,Essential Oil Singles,Sandalwood (Hawaiian),5 mL,93.33,70
17379f48-0991-4fe7-a8ec-3bc2a382a521,Essential Oil Singles,Siberian Fir,15 mL,26.67,20
db069679-4d5e-4f30-9c90-f843d1a6a510,Essential Oil Singles,Spearmint,15 mL,37.33,28
20a35f03-af6d-4011-871d-877271004cb2,Essential Oil Singles,Spikenard,5 mL,66,49.5
0015357a-0883-4a1e-b934-4406499f3ed9,Essential Oil Singles,Tangerine,15 mL,24,18
b2ad6ba5-0c06-4bb0-8dfd-26dbae3a66a4,Essential Oil Singles,Thyme,15 mL,39.33,29.5
ed030bd9-1a07-4863-a307-330d81a5e057,Essential Oil Singles,Turmeric,15 mL,37.33,28
c8ecde8a-e0eb-4f15-9dad-4c4cc956070b,Essential Oil Singles,Vetiver,15 mL,54.67,41
f3db9949-6266-4ed7-8f8a-4ba71f963fd0,Essential Oil Singles,Wild Orange,15 mL,13.33,10
c8a86451-bec1-4a8a-a486-09c7430d8c5e,Essential Oil Singles,Wintergreen,15 mL,29.33,22
fcab924b-6951-410f-82e7-95698a7424be,Essential Oil Singles,Ylang Ylang,15 mL,49.33,37
a51eb986-a735-452e-9d05-aa368121b4bc,Essential Oil Singles,Yarrow Pom,30 mL,126.67,95
ea8a2c14-5df7-43e7-b2e2-79cccce4ffc0,Essential Oil Blends,AromaTouch®,15 mL,37.33,28
7549b120-7f94-463c-8694-814a93901921,Essential Oil Blends,dōTERRA Balance®,15 mL,28,21
e5bd203b-a11a-40b8-91b2-8367c5cb259c,Essential Oil Blends,Brave,10 mL,28,21
30124cc3-8306-4bcc-a391-962ea73a6d26,Essential Oil Blends,dōTERRA Breathe®,15 mL,29.33,22
b7284374-fd89-4e6f-9b69-524728bfe321,Essential Oil Blends,dōTERRA Breathe® Touch,10 mL,18.67,14
21bca1dc-304f-465c-b0ad-f779fd8d0b7d,Essential Oil Singles,Arborvitae,5 mL,29.33,22
24396cd9-ca86-4a2c-ae73-28c005c3910c,Essential Oil Singles,Basil,15 mL,32,24
13c11b07-5e55-4ca9-95e5-3fcb5c51ff1e,Essential Oil Singles,Bergamot,15 mL,40,30
f5e99c77-3669-4015-a1dc-cca9b1381fa7,Essential Oil Singles,Black Pepper,5 mL,29.33,22
7626a378-a85f-434d-9fa0-a249978cf834,Essential Oil Singles,Blue Tansy,5 mL,113.33,85
ba439a05-f34b-4494-b086-9effc18d2359,Essential Oil Singles,Cardamom,5 mL,34.67,26
807273b3-ea6a-4ca0-88d2-7e567c9422a6,Essential Oil Singles,Cassia,15 mL,25.33,19
13ce5975-f718-458a-ad6e-de83f376cc1e,Essential Oil Singles,Cedarwood,15 mL,17.33,13
ceb47dbc-3401-4928-98ef-9cd3ce6dc2f5,Essential Oil Singles,Cilantro,15 mL,34.67,26
3384b886-2be5-4b93-93cd-f5e24b3c3772,Essential Oil Singles,Cinnamon,5 mL,32,24
af186e65-676a-48cc-813d-00831811e686,Essential Oil Singles,Clary Sage,15 mL,48.67,36.5
f7cdc43f-b869-4f07-8e5e-64780e42883f,Essential Oil Singles,Geranium,15 mL,41.33,31
6689e199-bb97-4b99-afbe-1b75c3d5fa76,Essential Oil Singles,Ginger,15 mL,54.67,41
235af322-cc65-4064-92fd-3d24e357fefa,Essential Oil Singles,Grapefruit,15 mL,24,18
b898fea5-045d-43c6-a242-225baf53598f,Essential Oil Singles,Green Mandarin,15 mL,37.33,28
6874ac2f-4a31-40d5-85bd-51bc942d300b,Essential Oil Singles,Helichrysum,5 mL,93.33,70
2f19c278-b7c3-41b5-89f1-166e3664a690,Essential Oil Singles,dōTERRA Jasmine Touch,10 mL,56,42
70825780-1c14-45a1-bc59-5a589fd6f001,Essential Oil Singles,Juniper Berry,5 mL,25.33,19
4594340c-af61-4a79-96e7-210de8cb9523,Essential Oil Singles,dōTERRA Lavender Touch,10 mL,20,15
1dda7794-eced-4454-af0e-cb3aaa20d7ad,Essential Oil Singles,Lavender,15 mL,30.67,23
2461bf5b-2d5e-41f3-9a68-3a9db318fc17,Essential Oil Singles,Lemon,15 mL,14.67,11
c1506ff6-1644-4377-81fd-f94364d128c7,Essential Oil Singles,Lemongrass,15 mL,13.33,10
9528a715-b357-4423-97c1-3713e86d6278,Essential Oil Blends,dōTERRA On Guard® Beadlet,125 Blts,21.33,16
d397ffd6-b349-40b4-9d86-d102e145441b,Essential Oil Blends,dōTERRA On Guard®+ Softgels,60 Sgls,34.67,26
9725542e-74f7-474c-bc64-59f0b0756281,Essential Oil Blends,dōTERRA Passion®,5 mL,56,42
fbcbcd06-e1be-486f-a69c-eaeda44bf717,Essential Oil Blends,dōTERRA Passion® Touch,10 mL,36.33,27.25
34b55acb-b0c5-42a5-9441-f58a503fda30,Essential Oil Blends,PastTense® Roll On,10 mL,26,19.5
c3166d1a-dd0c-4313-b087-3159db80c99d,Essential Oil Blends,dōTERRA Peace®,5 mL,40,30
2e716012-bb67-4671-b079-2451f9d02d4f,Essential Oil Blends,dōTERRA Peace® Touch,10 mL,26.67,20
ddf34623-cd1e-47bc-8195-b5c36862f253,Essential Oil Kits and Accessories,Intro Essential Oil Kit,Single,26.67,20
36160f1c-ea11-42de-bbf4-9578893f572b,Essential Oil Kits and Accessories,Intro Essential Oil Kit,6 Pack,153.33,115
10943337-6067-4eb7-bbca-12314817984a,Essential Oil Kits and Accessories,Beginner’s Trio,Single,66.67,50
f8e44d0a-69a8-4ba1-b1da-619b638b720e,Essential Oil Kits and Accessories,Emotional Aromatherapy System,Single,212,159
b472b075-7985-47d6-afd4-fed09c74dc3e,Essential Oil Kits and Accessories,dōTERRA Emotional Aromatherapy® Touch,Single,133.33,100
537f3c93-6b5c-42fd-9ab9-b364d9a3708d,Essential Oil Kits and Accessories,dōTERRA Touch® Kit,Single,225.33,169
e7b4ddad-bf91-472d-ac26-672b1da48391,Essential Oil Kits and Accessories,Sample Trio,10 Pack,26.67,20
8d93bbad-24c2-4a3b-9703-2d0c5c19cb96,Essential Oil Kits and Accessories,Sample Blends Trio,10 Pack,37.33,28
49a7aea6-3846-40a8-929e-d3d42040cc1e,Essential Oil Kits and Accessories,Family Essentials Kit,Single,166.67,125
23b7af65-8889-4c4c-89d5-209734398b5e,Essential Oil Kits and Accessories,Family Essentials Kit,7 Pack,1000,750
9b0064f0-891f-4c8c-ad65-e3b56a6034de,Essential Oil Kits and Accessories,AromaTouch® Technique Kit,Single,133.33,100
02216089-a63b-44b8-810a-c252012270b3,Essential Oil Kits and Accessories,AromaTouch® Technique Kit,7 Pack,800,600
81985668-5fdb-4bf8-9e34-8ccb75d88988,Essential Oil Kits and Accessories,Oil Sharing Kit,Combo,1466.67,1100
913ae4f0-04bf-426f-b362-8cd0badea2ee,Essential Oil Kits and Accessories,Yoga Collection,Single,69.33,52
5eb8fc51-9a0b-4dea-8ebf-b81e4a4a13d2,Essential Oil Kits and Accessories,Veggie Caps,160 Caps,5.33,4
ee75d9e8-8b92-4188-81a6-4a871daf85a3,Essential Oil Kits and Accessories,Kids Kit,Single,126.67,95
dfb3618a-608f-428c-8e77-0b5bcb6b2058,Slim & Sassy®,TrimShake Vanilla,40 Serv.,52.67,39.5
5e16a3f0-0ea1-4a00-9d7f-ed783f1e3264,Slim & Sassy®,TrimShake Chocolate,40 Serv.,52.67,39.5
c6f2a6d0-3922-419b-be6c-8522dce9d86c,Slim & Sassy®,V Shake,40 Serv.,52.67,39.5
fe13eb82-973a-40fb-9d06-92074501418d,Slim & Sassy®,"Trim Kit - 1 Chocolate, 1 Vanilla",6 Pack,200,150
af5f5c6b-8272-4f2f-986b-4a53741bb9aa,Slim & Sassy®,Trim Kit - 2 Chocolate,6 Pack,200,150
4400943a-5b0d-4fa7-a5c9-bc66ab4fa4ad,Slim & Sassy®,Trim Kit - 2 Vanilla,6 Pack,200,150
bc1affb6-8333-4fc2-ba26-0ca8bfc83b33,Slim & Sassy®,Trim Kit - 2 V Shake,6 Pack,200,150
fae66c18-b382-4b3e-ae64-04e7a4e79bcf,Wellness,Mito2Max®,,26.67,20
db7fb093-31e0-4c30-ab78-bf0fd715b5f3,Wellness,Deep Blue Polyphenol Complex®,,26.67,20
df393ede-8b71-4c2d-a6e1-849c39bd5511,Wellness,DigestZen TerraZyme®,,26.67,20
13b6219f-f8be-497d-96f2-66c2ab165f48,Wellness,PB Assist®+,,26.67,20
882ad2f7-9ebd-4b64-aaec-8f05ad1f59c7,Wellness,Kids Kit,,33.33,25
ec1fc665-ec30-4ccf-895c-d82a4feb2a08,Essential Oil Blends,Purify,15 mL,26.67,20
137bcb70-a6b1-49cc-9e41-d7e0d65d742e,Essential Oil Blends,Rescuer,10 mL,20,15
2e702ae2-d2da-4ebc-8f70-57da6f6a6211,Essential Oil Blends,dōTERRA Serenity®,15 mL,42.67,32
5ccb5028-e7f0-4031-98db-5c28b4b2f42b,Essential Oil Blends,dōTERRA Serenity® Softgels,60 Sgls,26,19.5
3974cb96-4cd9-4dde-8fbf-bcac06f9c2fb,Essential Oil Blends,Slim & Sassy®,15 mL,34.67,26
de32a563-e72d-4d76-aa63-7e8a9a332ee6,Essential Oil Blends,Slim & Sassy® Softgels,90 Sgls,48,36
8074fca5-97a3-44ba-adbb-158569098ba3,Essential Oil Blends,Steady,10 mL,20,15
1c380a7f-cf6e-443d-b757-057b5105b6d7,Essential Oil Blends,Stronger,10 mL,18.67,14
2374b3a8-90ec-4635-8b56-975b5d9dacb4,Essential Oil Blends,TerraShield®,15 mL,14,10.5
603aa5b1-2f3a-4a2a-b128-aff5d863abab,Essential Oil Blends,TerraShield® Spray,30 mL,26,19.5
e8c3c152-4f72-43b7-a867-b28ec2cf188d,Essential Oil Blends,Thinker,10 mL,21.33,16
396676f6-610b-4f1a-8cb4-05f2bd9492a2,Essential Oil Blends,TriEase® Blend Softgels,60 Sgls,30.67,23
a70b0772-568c-4cd9-af8a-d0bfc208b1bd,Essential Oil Blends,Whisper®,5 mL,32,24
a12fb67e-bde9-4aa0-a19a-2bdf1475cb19,Essential Oil Blends,Zendocrine®,15 mL,32,24
adbba5ae-7e29-450a-8ccb-bbfb360b9321,Essential Oil Blends,Zendocrine® Softgels,60 Sgls,32,24
9fc4723c-040b-4f95-8d59-a1b546d9d05c,Slim & Sassy®,Metabolic Gum,32 Pieces,11.33,8.5
afb72c53-2e94-4fe5-8f28-1d534c3f06e3,Wellness,dōTERRA Lifelong Vitality Pack®,3 Pack,106,79.5
cf4704a9-c88e-463c-8f77-f04424cdb76f,Wellness,Microplex VMz®,,26.67,20
4c212382-507d-44de-9a16-9c155f22c427,Essential Oil Blends,ClaryCalm® Roll On,10 mL,36,27
b464baae-e297-4eb6-9af0-d47740f21024,Essential Oil Blends,dōTERRA Console®,5 mL,49.33,37
ed74c2fb-3bbe-4b72-9207-414db1377cc3,Essential Oil Blends,dōTERRA Console® Touch,10 mL,32,24
34f66834-c0da-4073-9cf9-de8316ddef8d,Essential Oil Blends,DDR Prime®,15 mL,37.33,28
96ede6e7-b336-493e-a39c-6f0f1170d37f,Essential Oil Blends,DDR Prime®,30 mL,73.33,55
216de7d7-3653-4697-b71e-d9f48f003727,Essential Oil Blends,DDR Prime® Softgels,60 Sgls,73.33,55
ed4f2bf1-938a-4ef1-bc76-daf766487060,Essential Oil Blends,Deep Blue®,5 mL,44,33
9227bbb2-3690-416d-b847-b1fa324e041e,Essential Oil Blends,Deep Blue® Roll On,10 mL,78.67,59
f11e812a-6e9d-475b-9ba0-03c5294210a0,Essential Oil Blends,dōTERRA Deep Blue® Touch,10 mL,57.33,43
45e63103-d279-4de0-857c-f18c6f0c325a,Essential Oil Blends,DigestZen®,15 mL,44,33
5386f117-ed24-4082-be75-d10c74359ee9,Essential Oil Blends,DigestZen® Softgels,60 Sgls,26,19.5
656a3ddb-f5e8-49c7-aa0e-8fb9615ece6f,Essential Oil Blends,dōTERRA DigestZen® Touch,10 mL,29.33,22
26b19d8a-289c-44fd-9a30-946ffe642da7,Essential Oil Blends,Elevation,15 mL,57.333,43
e5fa5c66-3bf8-47d9-a36e-b65fd7220ba7,Essential Oil Blends,dōTERRA Forgive®,5 mL,26.67,20
c19f2f55-991b-4931-97b5-b91d4683af3f,Essential Oil Blends,dōTERRA Forgive® Touch,10 mL,17.33,13
69886031-b63b-49d8-9eef-d3c7a825fbc2,Essential Oil Blends,dōTERRA Hope® Touch,10 mL,20,20
6febb42c-57a1-4940-9be0-72f3cec92ffd,Essential Oil Blends,HD Clear® Roll On,10 mL,28,21
14f35bd0-a686-434f-9d46-d183f7fade7f,Essential Oil Blends,Immortelle,10 mL,92,69
055f71b6-d541-4da4-9ad6-920f22fdf92f,Essential Oil Blends,InTune®,10 mL,46,34.5
849b6e26-e0a4-4c6b-b079-65b251acfbb8,Essential Oil Blends,dōTERRA Motivate®,5 mL,30.67,23
876450f2-e0b1-43cd-869f-2b11c7745d67,Essential Oil Blends,dōTERRA Motivate® Touch,10 mL,20,15
0169802a-d7e9-4cb7-b2da-b2db2fee79e4,Essential Oil Blends,dōTERRA On Guard®,15 mL,45.33,34
1e54ee5e-00b0-4475-ab50-be0dee749b3a,Essential Oil Blends,dōTERRA On Guard® Touch,10 mL,29.33,22
1b45f097-9537-441d-ae5f-70ae20321f93,Essential Oil Kits and Accessories,Lotus Diffuser,Single,119.93,89.95
6066e45d-d10e-425b-9a78-8fd9b2914924,Essential Oil Kits and Accessories,Aroma Lite Diffuser,Single,119.93,89.95
dcda885d-6500-4b39-9c81-ccc7592ea037,Essential Oil Kits and Accessories,Petal Diffuser,Single,62.67,47
8b58711b-5d58-499c-aa8c-0b41bfff6d2c,Essential Oil Kits and Accessories,Lumo Diffuser,Single,93.33,70
d491693e-f402-499e-865b-ab79d5ebd266,Essential Oil Kits and Accessories,Wooden Box w/Logo,Single,19.93,14.95
075fdc7c-0fb1-4b8f-964c-850a694b664d,Wellness,xEO Mega®,,26.67,20
4cde2a76-878a-4031-920a-86f44f5eaf87,Wellness,Mito2Max®,,26.67,20
88b5d4f8-53a9-4dec-b61c-e0792b3c39f3,Wellness,Deep Blue Polyphenol Complex®,,26.67,20
1676aacf-7277-495d-b0d8-8d3daacbd84a,Wellness,DigestZen TerraZyme®,,26.67,20
b33e1b09-da26-4c18-9e37-7a8eda15f7c6,Wellness,PB Assist®+,,26.67,20
1ca6904f-76e9-4c27-908e-56bd63f8bdfd,Wellness,Kids Kit,,33.33,25
cd5ca5d7-5f8c-4fa5-9151-948b3f5b0602,Wellness,dōTERRA Daily Nutrient Pack®,2 pack,79.33,59.5
0bb080be-912d-462a-b81c-0eafd2583b28,Wellness,Microplex VMz®,,26.67,20
601fe0ed-14e5-44e1-83a8-6f355a520d7a,Wellness,xEO Mega®,,26.67,20
cc002d05-7d77-4a1f-b0b3-edd726b17eb5,Living,dōTERRA Natural Deodorant,1.7 oz,11.33,8.5
b78dcb98-b151-40c6-9669-522ba97f481f,Living,Correct-X®,.05 fl_oz,16,12
ed885b7d-544d-43b4-a978-2cdf0a6b5188,dōTERRA Salon Essentials®,Conditioner 1 Liter,1 Liter,66.77,50
bac09a40-e7ad-4a72-940d-c8ac8f9984c5,dōTERRA On Guard® Products,Natural Whitening Toothpaste,4 oz,11.33,8.5
ee709898-604a-45fd-8695-779cfeb27e9b,dōTERRA On Guard® Products,Whitening Toothpaste Samples,10 pk,4.67,3.5
4afae181-4d20-4e4e-b68e-e1fa8a871b93,dōTERRA On Guard® Products,Protecting Throat Drops,30 Lzgs,16,12
91169c28-8c2f-42aa-8fb2-40f45c82ed84,dōTERRA On Guard® Products,Foaming Hand Wash,Combo,24.67,18.5
d68d0145-5127-4a94-9aea-67eec928f85d,Wellness,dōTERRA Vegan Lifelong Vitality Pack®,3 Pack,119.33,89.5
bb1d9c80-f865-4b5a-9446-12ea6d88e72c,Wellness,Microplex VMz®,,26.67,20
1cb7155c-934e-45e6-b1d5-1ce7a7b66a86,Wellness,xEO Mega®,,26.67,20
d21ae226-6f5a-432c-b020-aed7690149e6,Wellness,Mito2Max®,,26.67,20
e9d69834-36a5-43be-9f20-6c18d55ec71b,Wellness,Deep Blue Polyphenol Complex™,,26.67,20
20853b2f-87e0-46f1-acea-b7afe25c20cd,Wellness,DigestZen TerraZyme®,,26.67,20
c0b1b778-faf4-441b-af3b-f52b116cf9ad,Wellness,PB Assist®+,,26.67,20
8b1652c1-49ec-4102-b942-9a9ba076fa33,Wellness,Kids Kit,,33.33,25
20993989-e489-4001-af82-bfebbcb577e2,Wellness,Alpha CRS®+,120 Caps,92.67,69.5
97cfee3d-0d94-4441-bddf-89591ab88ba1,Wellness,xEO Mega®,120 Sgls,66,49.5
59aaf364-ec02-4bfd-b2ce-e987a9ebadfd,dōTERRA On Guard® Products,Foaming Hand Wash,2 Pack,44.67,33.5
a8532a46-f036-4b71-954f-2d56d73d0540,dōTERRA On Guard® Products,Hand Wash Dispenser,Single,2.67,2
0cfcb0af-cc38-421e-93c1-211503c42d99,dōTERRA On Guard® Products,Hand Wash Dispenser,3 Pack,6.67,5
7553e82e-7aef-4139-83da-75c818d016bb,dōTERRA On Guard® Products,Hand Wash & 2 Dispensers,Single,30,22.5
78fe76ea-ddc0-4bc9-ad8e-1a540a56db37,Veráge® Products,Immortelle Hydrating Serum,.5 fl_oz,86.67,65
5590c8dc-e1d5-4c97-908c-f1fc407f0f76,Veráge® Products,Moisturizer,1 fl_oz,37.33,28
d9ce7ee7-0a9f-4b7f-a3ed-23f0526d7587,Veráge® Products,Skin Care Collection,4 Pack,112.67,84.5
fa4123d9-e735-496d-98c5-495e491a87f5,HD Clear® Products,Foaming Face Wash,1.7 oz,29.33,22
858693ed-6d1c-4733-99bd-21b4737de3a2,HD Clear® Products,Facial Lotion,1.7 oz,45.33,34
268ec4f9-eb20-4c50-8d34-628dba6b03e3,HD Clear® Products,Facial Kit,3 Pack,61.33,46
121d7c93-3a51-45d3-9bd1-9787f4550e8d,Spa,Citrus Bliss® Hand Lotion,2.5 fl_oz,9.27,6.95
69f9223d-638e-458a-abc3-953eeb130542,Spa,Hand & Body Lotion,6.7 oz,20,15
7d4b51d1-1de2-4f00-8037-bea2b6d4220e,Spa,Hand & Body Lotion,3 Pack,50.67,38.3
c372532a-171a-4844-87d8-e8781b9b6a71,Spa,Body Lotion (3) + Mood Mgt Kit,Combo,153.33,115
b07ee1c9-446e-4bfd-840e-991fb6796df7,Spa,Rose Hand Lotion,3.3 oz,20,20
07330a4b-e2fb-4a54-8c80-846b466da68d,Veráge® Products,Cleanser,2 fl_oz,33.33,25
bca6b5f9-2689-4460-984e-c751a12e1c1b,Veráge® Products,Toner,1.7 fl_oz,29.33,22
55e15660-9d29-4146-8edc-636f94027c09,Spa,Body Scrub,8 oz,26,19.5
82f04550-9d57-4187-880d-dc80a3893927,Spa,Refreshing Body Butter,7 oz,23.33,17.5
344f182e-0a15-4da9-a69d-534c510a63b9,Spa,Refreshing Body Wash,8.45 oz,17,12.75
ad0be520-6be6-4dbb-9f4d-7df2be9f009c,Spa,Detoxifying Mud Mask,4 oz,19.33,14.5
b93d5499-5ed3-4022-8cec-71776203470b,Spa,Original Lip Balm,.16 oz,8.67,6.5
32c61d43-0060-4f96-8f48-2d0e75fcc9a0,Spa,Herbal Lip Balm,.16 oz,8.67,6.5
0218b7df-b374-4a60-b261-9dd3236e3d23,Spa,Hydrating Body Mist,4.2 fl_oz,33.33,25
c8511910-9dd2-4514-a7e2-0973a7cc9712,Spa,Tropical Lip Balm,.16 oz,8.67,6.5
6a5b45d8-3d7d-4df7-b030-b8f405a0f5f2,Spa,Lip Balm Variety,3 Pack,20,15
0cc30f58-6fb3-45e3-9c22-13321d06b32f,Essential Skin Care,Facial Cleanser,4 oz,22,16.5
70c246b6-479d-4281-916b-03945c475712,Essential Skin Care,Tightening Serum,1 oz,66,49.5
f682afd5-ab04-4ee4-a4e3-177c79df8d18,Essential Skin Care,Hydrating Cream,1.7 oz,48,36
2bb4529b-fc1c-4888-83ca-93b26a2c3c92,dōTERRA On Guard® Products,Cleaner Concentrate,12 fl_oz,19.33,14.5
71ff6357-ed0f-46d1-b5ce-b48b3087081e,dōTERRA On Guard® Products,Laundry Detergent,32 fl_oz,36.67,27.5
9ba62363-cc58-4824-9bac-337398d2ee31,dōTERRA On Guard® Products,Mouthwash,16 fl_oz,19.33,14.5
0e5c777f-f74d-4136-b32f-2c9a6ab66b0c,dōTERRA On Guard® Products,Guard Sanitizing Hand Spray,,8.67,6.5
5c80ff0f-521f-47d2-b6ff-5b34d4297f32,Deep Blue® Products,Deep Blue® Rub,4 oz,42.67,32
7303fbf3-89f4-4dc4-a1c9-bcbbdb7c68a2,Deep Blue® Products,Deep Blue® Rub,32 oz,252,189
c2fe3e06-5dec-48c4-8f9d-0e438933608c,Deep Blue® Products,Deep Blue® Rub Samples 10,2mL Pk,6.67,5
c4323b54-2529-43a3-ad9a-4a1ad7216415,Deep Blue® Products,Deep Blue Polyphenol Complex®,60 Vcaps,79.33,59.5
d7c8eea4-ef75-43d7-96a9-0819461bf2a6,Living,dōTERRA Breathe® Resp. Drops,30 Lzgs,16,12
b93e4ee3-8aaa-426c-9016-424548fb049d,Living,dōTERRA Breathe® Vapor Stick,0.4 oz,11.33,8.5
cb9fd8b6-4bb8-4d23-ad6e-92b369394688,Essential Skin Care,Pore Reducing Toner,4 oz,28,21
4eb346e1-9856-45ab-9106-19a01190a79a,Essential Skin Care,Anti-Aging Moisturizer,1.7 oz,46,34.5
e14fa6f0-a8aa-484e-89fa-37cbc003c657,Essential Skin Care,Invigorating Scrub,2.5 oz,24,18
d4cc4d27-6f37-4a4a-baa8-11fd90c52196,Essential Skin Care,Reveal Facial System,1.7 oz,80,60
c73ca8e6-46b3-45e7-9893-572e38f880ac,dōTERRA Salon Essentials®,dōTERRA Balance Deodorant,2.65 oz,11.67,8.75
f267978a-7ab8-4624-9f76-97ea9d04d900,dōTERRA Salon Essentials®,Root to Tip Serum,30 mL,46.67,35
aec407ea-b70b-42a4-a699-ba78ba4392db,dōTERRA Salon Essentials®,Healthy Hold Glaze,4 oz,24,18
1e998106-7377-4400-8ced-5e859827fdcb,dōTERRA Salon Essentials®,Protecting Shampoo,8.34 oz,26,19.5
f9a07dac-cef2-4b29-ad23-98e6f3c28162,dōTERRA Salon Essentials®,Smoothing Conditioner,8.34 oz,30.67,23
d18985e4-8946-44ab-944a-1f86acc22032,dōTERRA Salon Essentials®,Hair Care System,4 Pack,103.33,77.5
551936f6-5f14-4eed-a40b-24180774d7d8,dōTERRA Salon Essentials®,Shampoo & Conditioner,2 Pack,37.33,28
c6375cbc-8290-478b-96b6-c294de6a5fe6,dōTERRA Salon Essentials®,Shampoo 2-Pack,2 Pack,32.67,24.5
0af2698a-5600-43bf-88d9-a701637539e6,dōTERRA Salon Essentials®,Conditioner 2-Pack,2 Pack,37.33,28
807f5dc2-b42d-4d26-b9f2-aa3ac0e752c8,dōTERRA Salon Essentials®,Shampoo 1 Liter,1 Liter,60,45
3fae2da1-736a-4f8f-b528-89c3275c5bb1,Wellness,vEO Mega®,120 Sgls,66,49.5
5beec768-7c02-43db-8474-577cf69e4029,Wellness,Microplex VMz®,120 Caps,46,34.5
b9342c5a-c30a-4cf3-b0c2-c31f168a8c41,Wellness,Mito2Max®,60 Caps,52.67,39.5
a6d8c78f-9933-430a-90da-77baa76942cb,Wellness,DigestZen TerraZyme®,90 Caps,50,37.5
5c3334af-5b91-41e0-9776-9c3246601605,Wellness,PB Assist+®,30 Caps,46,34.5
5c4240ec-457a-4aa1-b36b-55772916adb4,Wellness,PB Assist+® Jr,30 Pack,32.67,24.5
65bbb99b-3546-47a6-8e0f-2ce8026de957,Wellness,DigestTab™,100 Tabs,18.67,14
9bdc9c09-a087-4409-ae75-6ef42b186504,Wellness,GX Assist®,60 Sgls,34.67,26
41fa4234-3e17-4772-b1b6-ca2903ddf824,Wellness,Zendocrine® Complex,60 Caps,32.67,24.5
66736a46-6b2c-4369-a064-482609ac0a98,Wellness,Cleanse & Renew Pack,2 Pack,80.67,60.5
c296b9d0-4f31-4984-b443-0f077fa6b79e,Wellness,IQ Mega®,150 mL,46,34.5
a3ce1a49-b9fa-4543-b7b8-65c314ccdd0d,Wellness,dōTERRA a2z Chewable™,60 Sgls,27.33,20.5
21d7aa2b-41ee-47c8-bc6b-7ff1a0fdde82,Wellness,a2z Chewable & IQ Mega®,2 Pack,52.67,39.5
2ba6ef06-3732-43ab-8c33-bb129a2399a0,Wellness,Phytoestrogen Complex,60 Caps,52.67,39.5
843b329f-adb2-4923-b54f-4978835e3257,Wellness,Bone Nutrient Complex,120 Caps,23.33,17.5
a09e0b5a-4aec-4c48-a3b9-2289a67899a5,Wellness,Women’s Health Kit,3 Pack,92.67,69.5
f56a16b3-1281-4851-a108-2bb9fde93303,Wellness,TerraGreens®,30 Serv.,37.33,28
1d2b2696-3f20-4914-8c98-1fefd5a745b7,Spa,Citrus Bliss® Bath Bar,4 oz,9.32,6.99
17cc5ec6-f304-4cbc-91a0-16d67769ba85,Spa,dōTERRA Spa Serenity® Restful Bath Bar,4 oz,9,6.75
e91f4519-b7a5-4a45-bc42-53fe6aca9755,Spa,dōTERRA Spa Bath Bar,3 Pack,19.33,14.5
8f89da97-865b-476a-86b9-cbc083548b89,Spa,Moisturizing Bath Bar,4 oz,9,6.75
